{"ECG_ID": "04dca24ac7ef2bd6d787c2503273259b", "win_start_time": "05:44:58", "reviewer_id": 3, "start_time": "", "episodes": [{"onset": 1, "rhythm_name": "WENCKEBACH", "rhythm_code": 1999, "offset": 2435}, {"onset": 2436, "rhythm_name": "NSR", "rhythm_code": 100, "offset": 2884}, {"onset": 2885, "rhythm_name": "WENCKEBACH", "rhythm_code": 1999, "offset": 4453}, {"onset": 4454, "rhythm_name": "NSR", "rhythm_code": 100, "offset": 4947}, {"onset": 4948, "rhythm_name": "WENCKEBACH", "rhythm_code": 1999, "offset": 6000}], "tag": "rev", "source_file": "", "onset_sample": -1}