{"ECG_ID": "0795a9ca5f38f744a945032cbb6f4d65", "win_start_time": "09:53:28", "reviewer_id": 3, "start_time": "", "episodes": [{"onset": 1, "rhythm_name": "NSR", "rhythm_code": 100, "offset": 440}, {"onset": 441, "rhythm_name": "TRIGEMINY", "rhythm_code": 900, "offset": 2313}, {"onset": 2314, "rhythm_name": "NSR", "rhythm_code": 100, "offset": 2606}, {"onset": 2607, "rhythm_name": "SVT", "rhythm_code": 200, "offset": 3518}, {"onset": 3519, "rhythm_name": "NSR", "rhythm_code": 100, "offset": 6000}], "tag": "rev", "source_file": "", "onset_sample": -1}