{"ECG_ID": "0795a9ca5f38f744a945032cbb6f4d65", "win_start_time": "09:53:28", "reviewer_id": 4, "start_time": "", "episodes": [{"onset": 1, "rhythm_name": "NSR", "rhythm_code": 100, "offset": 420}, {"onset": 421, "rhythm_name": "TRIGEMINY", "rhythm_code": 900, "offset": 2320}, {"onset": 2321, "rhythm_name": "NSR", "rhythm_code": 100, "offset": 2465}, {"onset": 2466, "rhythm_name": "AFIB", "rhythm_code": 600, "offset": 3603}, {"onset": 3604, "rhythm_name": "NSR", "rhythm_code": 100, "offset": 6000}], "tag": "rev", "source_file": "", "onset_sample": -1}