{"ECG_ID": "0bdcfab9186c5ec92d62d6d05adc9b8f", "win_start_time": "06:34:03", "reviewer_id": 6, "start_time": "", "episodes": [{"onset": 1, "rhythm_name": "NSR", "rhythm_code": 100, "offset": 1213}, {"onset": 1214, "rhythm_name": "AVB_TYPE2", "rhythm_code": 400, "offset": 2625}, {"onset": 2626, "rhythm_name": "WENCKEBACH", "rhythm_code": 1999, "offset": 3688}, {"onset": 3689, "rhythm_name": "AVB_TYPE2", "rhythm_code": 400, "offset": 4970}, {"onset": 4971, "rhythm_name": "WENCKEBACH", "rhythm_code": 1999, "offset": 6000}], "tag": "rev", "source_file": "", "onset_sample": -1}