{"ECG_ID": "0bdcfab9186c5ec92d62d6d05adc9b8f", "win_start_time": "06:34:03", "reviewer_id": 5, "start_time": "", "episodes": [{"onset": 1, "rhythm_name": "NSR", "rhythm_code": 100, "offset": 2148}, {"onset": 2149, "rhythm_name": "AVB_TYPE2", "rhythm_code": 400, "offset": 2827}, {"onset": 2828, "rhythm_name": "NSR", "rhythm_code": 100, "offset": 4071}, {"onset": 4072, "rhythm_name": "AVB_TYPE2", "rhythm_code": 400, "offset": 5208}, {"onset": 5209, "rhythm_name": "NSR", "rhythm_code": 100, "offset": 6000}], "tag": "rev", "source_file": "", "onset_sample": -1}