{"ECG_ID": "0fc2b5cf30ce6d697c98daa57a2f35cb", "win_start_time": "09:32:48", "reviewer_id": 4, "start_time": "", "episodes": [{"onset": 1, "rhythm_name": "NSR", "rhythm_code": 100, "offset": 3047}, {"onset": 3048, "rhythm_name": "NOISE", "rhythm_code": 9999, "offset": 3751}, {"onset": 3752, "rhythm_name": "NSR", "rhythm_code": 100, "offset": 3925}, {"onset": 3926, "rhythm_name": "NOISE", "rhythm_code": 9999, "offset": 4656}, {"onset": 4657, "rhythm_name": "NSR", "rhythm_code": 100, "offset": 6000}], "tag": "rev", "source_file": "", "onset_sample": -1}