{"ECG_ID": "0fc2b5cf30ce6d697c98daa57a2f35cb", "win_start_time": "09:32:48", "reviewer_id": 7, "start_time": "", "episodes": [{"onset": 1, "rhythm_name": "NSR", "rhythm_code": 100, "offset": 3163}, {"onset": 3164, "rhythm_name": "NOISE", "rhythm_code": 9999, "offset": 3743}, {"onset": 3744, "rhythm_name": "NSR", "rhythm_code": 100, "offset": 3879}, {"onset": 3880, "rhythm_name": "NOISE", "rhythm_code": 9999, "offset": 4832}, {"onset": 4833, "rhythm_name": "NSR", "rhythm_code": 100, "offset": 6000}], "tag": "rev", "source_file": "", "onset_sample": -1}