{"ECG_ID": "0fc2b5cf30ce6d697c98daa57a2f35cb", "win_start_time": "09:32:48", "reviewer_id": [1, 2, 3], "start_time": "", "episodes": [{"onset": 1, "rhythm_name": "NSR", "rhythm_code": 100, "offset": 3131}, {"onset": 3132, "rhythm_name": "NOISE", "rhythm_code": 9999, "offset": 3740}, {"onset": 3741, "rhythm_name": "NSR", "rhythm_code": 100, "offset": 4002}, {"onset": 4003, "rhythm_name": "NOISE", "rhythm_code": 9999, "offset": 4678}, {"onset": 4679, "rhythm_name": "NSR", "rhythm_code": 100, "offset": 6000}], "tag": "rev", "source_file": "", "onset_sample": -1}