{"ECG_ID": "11a7d4b0db84ae2eb4cfe080452bcb4e", "win_start_time": "20:08:03", "reviewer_id": 1, "start_time": "", "episodes": [{"onset": 1, "rhythm_name": "AFL", "rhythm_code": 650, "offset": 2889}, {"onset": 2890, "rhythm_name": "NSR", "rhythm_code": 100, "offset": 3033}, {"onset": 3034, "rhythm_name": "NOISE", "rhythm_code": 9999, "offset": 3999}, {"onset": 4000, "rhythm_name": "AFL", "rhythm_code": 650, "offset": 5370}, {"onset": 5371, "rhythm_name": "NOISE", "rhythm_code": 9999, "offset": 6000}], "tag": "rev", "source_file": "", "onset_sample": -1}