{"ECG_ID": "11a7d4b0db84ae2eb4cfe080452bcb4e", "win_start_time": "20:08:03", "reviewer_id": 4, "start_time": "", "episodes": [{"onset": 1, "rhythm_name": "AFL", "rhythm_code": 650, "offset": 2355}, {"onset": 2356, "rhythm_name": "NSR", "rhythm_code": 100, "offset": 3032}, {"onset": 3033, "rhythm_name": "NOISE", "rhythm_code": 9999, "offset": 4027}, {"onset": 4028, "rhythm_name": "AFL", "rhythm_code": 650, "offset": 5411}, {"onset": 5412, "rhythm_name": "NOISE", "rhythm_code": 9999, "offset": 6000}], "tag": "rev", "source_file": "", "onset_sample": -1}