{"ECG_ID": "1ff94bc8abfd385effb3cd7a1530407d", "win_start_time": "00:38:10", "reviewer_id": [1, 2, 3], "start_time": "", "episodes": [{"onset": 1, "rhythm_name": "NOISE", "rhythm_code": 9999, "offset": 312}, {"onset": 313, "rhythm_name": "AFL", "rhythm_code": 650, "offset": 1790}, {"onset": 1791, "rhythm_name": "NOISE", "rhythm_code": 9999, "offset": 3481}, {"onset": 3482, "rhythm_name": "AFL", "rhythm_code": 650, "offset": 4471}, {"onset": 4472, "rhythm_name": "NOISE", "rhythm_code": 9999, "offset": 6000}], "tag": "rev", "source_file": "", "onset_sample": -1}