{"ECG_ID": "22c28207a311e1f54ab009d2269bee2d", "win_start_time": "07:27:43", "reviewer_id": 5, "start_time": "", "episodes": [{"onset": 1, "rhythm_name": "NSR", "rhythm_code": 100, "offset": 1431}, {"onset": 1432, "rhythm_name": "EAR", "rhythm_code": 5000, "offset": 2945}, {"onset": 2946, "rhythm_name": "NSR", "rhythm_code": 100, "offset": 4713}, {"onset": 4714, "rhythm_name": "EAR", "rhythm_code": 5000, "offset": 5361}, {"onset": 5362, "rhythm_name": "NSR", "rhythm_code": 100, "offset": 6000}], "tag": "rev", "source_file": "", "onset_sample": -1}