{"ECG_ID": "22c28207a311e1f54ab009d2269bee2d", "win_start_time": "07:27:43", "reviewer_id": [1, 2, 3], "start_time": "", "episodes": [{"onset": 1, "rhythm_name": "NSR", "rhythm_code": 100, "offset": 1485}, {"onset": 1486, "rhythm_name": "EAR", "rhythm_code": 5000, "offset": 2920}, {"onset": 2921, "rhythm_name": "NSR", "rhythm_code": 100, "offset": 3976}, {"onset": 3977, "rhythm_name": "EAR", "rhythm_code": 5000, "offset": 5322}, {"onset": 5323, "rhythm_name": "NSR", "rhythm_code": 100, "offset": 6000}], "tag": "rev", "source_file": "", "onset_sample": -1}