{"ECG_ID": "23efa30066096a06bb91f7da39c883ab", "win_start_time": "17:31:27", "reviewer_id": 6, "start_time": "", "episodes": [{"onset": 1, "rhythm_name": "NSR", "rhythm_code": 100, "offset": 2044}, {"onset": 2045, "rhythm_name": "IVR", "rhythm_code": 750, "offset": 2725}, {"onset": 2726, "rhythm_name": "NSR", "rhythm_code": 100, "offset": 4631}, {"onset": 4632, "rhythm_name": "NOISE", "rhythm_code": 9999, "offset": 5466}, {"onset": 5467, "rhythm_name": "NSR", "rhythm_code": 100, "offset": 6000}], "tag": "rev", "source_file": "", "onset_sample": -1}