{"ECG_ID": "23efa30066096a06bb91f7da39c883ab", "win_start_time": "17:31:27", "reviewer_id": 7, "start_time": "", "episodes": [{"onset": 1, "rhythm_name": "NSR", "rhythm_code": 100, "offset": 2027}, {"onset": 2028, "rhythm_name": "IVR", "rhythm_code": 750, "offset": 2770}, {"onset": 2771, "rhythm_name": "NSR", "rhythm_code": 100, "offset": 4599}, {"onset": 4600, "rhythm_name": "NOISE", "rhythm_code": 9999, "offset": 5507}, {"onset": 5508, "rhythm_name": "NSR", "rhythm_code": 100, "offset": 6000}], "tag": "rev", "source_file": "", "onset_sample": -1}