{"ECG_ID": "23efa30066096a06bb91f7da39c883ab", "win_start_time": "17:31:27", "reviewer_id": [1, 2, 3], "start_time": "", "episodes": [{"onset": 1, "rhythm_name": "NSR", "rhythm_code": 100, "offset": 2029}, {"onset": 2030, "rhythm_name": "IVR", "rhythm_code": 750, "offset": 2716}, {"onset": 2717, "rhythm_name": "NSR", "rhythm_code": 100, "offset": 4616}, {"onset": 4617, "rhythm_name": "NOISE", "rhythm_code": 9999, "offset": 5513}, {"onset": 5514, "rhythm_name": "NSR", "rhythm_code": 100, "offset": 6000}], "tag": "rev", "source_file": "", "onset_sample": -1}