{"ECG_ID": "2a5f64a24d639ba815c29000f2cb519c", "win_start_time": "07:47:02", "reviewer_id": 6, "start_time": "", "episodes": [{"onset": 1, "rhythm_name": "SUDDEN_BRADY", "rhythm_code": 300, "offset": 1260}, {"onset": 1261, "rhythm_name": "WENCKEBACH", "rhythm_code": 1999, "offset": 2495}, {"onset": 2496, "rhythm_name": "AVB_TYPE2", "rhythm_code": 400, "offset": 3923}, {"onset": 3924, "rhythm_name": "WENCKEBACH", "rhythm_code": 1999, "offset": 4583}, {"onset": 4584, "rhythm_name": "AVB_TYPE2", "rhythm_code": 400, "offset": 6000}], "tag": "rev", "source_file": "", "onset_sample": -1}