{"ECG_ID": "2a5f64a24d639ba815c29000f2cb519c", "win_start_time": "07:47:02", "reviewer_id": 9, "start_time": "", "episodes": [{"onset": 1, "rhythm_name": "JUNCTIONAL", "rhythm_code": 4000, "offset": 1273}, {"onset": 1274, "rhythm_name": "WENCKEBACH", "rhythm_code": 1999, "offset": 2350}, {"onset": 2351, "rhythm_name": "NSR", "rhythm_code": 100, "offset": 2676}, {"onset": 2677, "rhythm_name": "JUNCTIONAL", "rhythm_code": 4000, "offset": 6000}], "tag": "rev", "source_file": "", "onset_sample": -1}