{"ECG_ID": "2ad805b718f4264ad010102f96d7ce2c", "win_start_time": "18:35:39", "reviewer_id": 9, "start_time": "", "episodes": [{"onset": 1, "rhythm_name": "NSR", "rhythm_code": 100, "offset": 1629}, {"onset": 1630, "rhythm_name": "IVR", "rhythm_code": 750, "offset": 3170}, {"onset": 3171, "rhythm_name": "NSR", "rhythm_code": 100, "offset": 4116}, {"onset": 4117, "rhythm_name": "IVR", "rhythm_code": 750, "offset": 4874}, {"onset": 4875, "rhythm_name": "NSR", "rhythm_code": 100, "offset": 6000}], "tag": "rev", "source_file": "", "onset_sample": -1}