{"ECG_ID": "33d52a72127a243615430ee6c4fbd037", "win_start_time": "05:32:23", "reviewer_id": 7, "start_time": "", "episodes": [{"onset": 1, "rhythm_name": "NSR", "rhythm_code": 100, "offset": 2048}, {"onset": 2049, "rhythm_name": "SVT", "rhythm_code": 200, "offset": 3519}, {"onset": 3520, "rhythm_name": "NSR", "rhythm_code": 100, "offset": 4012}, {"onset": 4013, "rhythm_name": "NOISE", "rhythm_code": 9999, "offset": 4716}, {"onset": 4717, "rhythm_name": "NSR", "rhythm_code": 100, "offset": 6000}], "tag": "rev", "source_file": "", "onset_sample": -1}