{"ECG_ID": "33d52a72127a243615430ee6c4fbd037", "win_start_time": "05:32:23", "reviewer_id": 9, "start_time": "", "episodes": [{"onset": 1, "rhythm_name": "NSR", "rhythm_code": 100, "offset": 2417}, {"onset": 2418, "rhythm_name": "SVT", "rhythm_code": 200, "offset": 3423}, {"onset": 3424, "rhythm_name": "NSR", "rhythm_code": 100, "offset": 3688}, {"onset": 3689, "rhythm_name": "NOISE", "rhythm_code": 9999, "offset": 4724}, {"onset": 4725, "rhythm_name": "NSR", "rhythm_code": 100, "offset": 6000}], "tag": "rev", "source_file": "", "onset_sample": -1}