{"ECG_ID": "33d52a72127a243615430ee6c4fbd037", "win_start_time": "05:32:23", "reviewer_id": 1, "start_time": "", "episodes": [{"onset": 1, "rhythm_name": "NSR", "rhythm_code": 100, "offset": 2485}, {"onset": 2486, "rhythm_name": "SVT", "rhythm_code": 200, "offset": 3453}, {"onset": 3454, "rhythm_name": "NSR", "rhythm_code": 100, "offset": 3733}, {"onset": 3734, "rhythm_name": "NOISE", "rhythm_code": 9999, "offset": 4702}, {"onset": 4703, "rhythm_name": "NSR", "rhythm_code": 100, "offset": 6000}], "tag": "rev", "source_file": "", "onset_sample": -1}