{"ECG_ID": "33d52a72127a243615430ee6c4fbd037", "win_start_time": "05:32:23", "reviewer_id": 8, "start_time": "", "episodes": [{"onset": 1, "rhythm_name": "NSR", "rhythm_code": 100, "offset": 2046}, {"onset": 2047, "rhythm_name": "EAR", "rhythm_code": 5000, "offset": 3482}, {"onset": 3483, "rhythm_name": "NSR", "rhythm_code": 100, "offset": 3673}, {"onset": 3674, "rhythm_name": "NOISE", "rhythm_code": 9999, "offset": 4777}, {"onset": 4778, "rhythm_name": "EAR", "rhythm_code": 5000, "offset": 6000}], "tag": "rev", "source_file": "", "onset_sample": -1}