{"ECG_ID": "37fdd155b298a4069b4730341d13fedd", "win_start_time": "08:48:05", "reviewer_id": [7, 8, 9], "start_time": "", "episodes": [{"onset": 1, "rhythm_name": "NSR", "rhythm_code": 100, "offset": 1580}, {"onset": 1581, "rhythm_name": "AVB_TYPE2", "rhythm_code": 400, "offset": 2861}, {"onset": 2862, "rhythm_name": "NSR", "rhythm_code": 100, "offset": 2972}, {"onset": 2973, "rhythm_name": "SUDDEN_BRADY", "rhythm_code": 300, "offset": 5015}, {"onset": 5016, "rhythm_name": "NSR", "rhythm_code": 100, "offset": 6000}], "tag": "rev", "source_file": "", "onset_sample": -1}