{"ECG_ID": "3d3e478d6450c89733b7e9de303329f7", "win_start_time": "12:43:10", "reviewer_id": [7, 8, 9], "start_time": "", "episodes": [{"onset": 1, "rhythm_name": "NSR", "rhythm_code": 100, "offset": 200}, {"onset": 201, "rhythm_name": "BIGEMINY", "rhythm_code": 800, "offset": 1134}, {"onset": 1135, "rhythm_name": "NSR", "rhythm_code": 100, "offset": 2017}, {"onset": 2018, "rhythm_name": "TRIGEMINY", "rhythm_code": 900, "offset": 4331}, {"onset": 4332, "rhythm_name": "NSR", "rhythm_code": 100, "offset": 6000}], "tag": "rev", "source_file": "", "onset_sample": -1}